,mean,se_mean,sd,2.5%,25%,50%,75%,97.5%,n_eff,Rhat
q[0],0.9627835034722196,0.00024107391468813834,0.01043045232701897,0.9401764166822315,0.9560457080762608,0.9635877006146537,0.9702937533859641,0.9801115685535426,1872.0,1.0034695364179318
q[1],0.8155449213205871,0.0004357751837674917,0.01767443118591338,0.7806251437615308,0.8033259044972002,0.8154597799818154,0.8275763099962519,0.8495691169905806,1645.0,0.9999753962364879
q[2],0.7525790456551913,0.00048332999401151964,0.01853745387200031,0.7157523838340045,0.7398267533604381,0.7532645834017506,0.7655408752126025,0.7876569262498758,1471.0,1.0030598349069806
q[3],0.7332601945335739,0.00042384068638136264,0.017516469508843373,0.6977817799904256,0.7220579484721501,0.7333830168322503,0.7448077730478513,0.7670600080190644,1708.0,1.003214855285818
q[4],0.7204747311526029,0.0004384553583047225,0.018679433308465557,0.6840397993978216,0.7073742675445651,0.7209469977828682,0.7333596048365607,0.757475813146528,1815.0,1.0018393876172031
q[5],0.7860614779745535,0.0004831391918057892,0.020600094276522367,0.7448135304664889,0.7719517848848689,0.7866143219828826,0.8002900489778375,0.824856934562032,1818.0,1.001186747220733
q[6],0.9985696974928466,4.176676480394556e-05,0.0021008309034131964,0.9924473224692478,0.9981380919554712,0.9994007269812273,0.9998956655670442,0.9999996365966568,2530.0,1.0005620966904196
q[7],0.8492534219940416,0.0007811310418597113,0.030792815799814844,0.7887604825031124,0.8288013151089753,0.8493041356471935,0.8700438283235425,0.9095116467774895,1554.0,1.0023147668502446
q[8],0.9063100408689659,0.0004051172662590264,0.01831112117860304,0.8690039897676132,0.8943374424516164,0.9069207180031271,0.9190486155625296,0.9402256047333766,2043.0,1.000460869335613
q[9],0.6815766111542,0.0006482106954612085,0.024036295894993207,0.6327265107515443,0.6656061946720779,0.6822082309746472,0.6977163310688212,0.7283384110917484,1375.0,0.9996797765268383
q[10],0.957565645535775,0.0004607185983889032,0.01743440993331451,0.9202993663918659,0.9466981004865953,0.9588071271633272,0.9695378414142877,0.9881867011751364,1432.0,1.0005602178780737
q[11],0.6365074988880969,0.0005352482660491369,0.022544057154635453,0.5916400333876013,0.620993430207964,0.6371800109624087,0.651858676958752,0.6806521305923953,1774.0,1.0011462593077594
q[12],0.7658979536172369,0.0006673859122071627,0.02614756340794149,0.7125571828642179,0.7489841690954052,0.7664051286240267,0.7835833701185333,0.8171260652937548,1535.0,1.0026543793500455
q[13],0.7835023617782033,0.0008415387094152156,0.03000176969269666,0.7239502065448935,0.7630677333473481,0.7844308912687181,0.8041172577118507,0.8402431489852531,1271.0,1.0017629108196293
q[14],0.9387643958975604,0.0007335347393605992,0.02446093648656752,0.8859225833613382,0.9234049351920898,0.94010762237089,0.9561295488267354,0.9821447297672065,1112.0,1.0003927568375643
q[15],0.9975478501885006,6.977134090092578e-05,0.0036535141590628047,0.986846181634525,0.9967852697005859,0.9990065146369012,0.9998074386256321,0.9999992010798144,2742.0,1.0004137004940956
q[16],0.9977772823384864,6.534351077836612e-05,0.0033599529038109205,0.9880124326684261,0.9971102277680425,0.999156872079902,0.9998756437176537,0.9999996105513298,2644.0,0.9998770100308911
q[17],0.6349320472514626,0.0006055132941494485,0.027562496910469428,0.5789536030827217,0.616508199273636,0.6345950140925705,0.6531601560478955,0.6886206435527193,2072.0,1.0004395920857012
q[18],0.5546951938278842,0.0005329850481158076,0.02419071116608439,0.5089419256204678,0.5377975286583917,0.554433512261977,0.5714105986964197,0.6029487476544408,2060.0,0.9998120618439672
q[19],0.7409007449029997,0.0005717639603544547,0.02587508311070152,0.6883428324783554,0.7240793403474808,0.7411261137923639,0.75800035153563,0.7914563988115877,2048.0,1.0013321312913546
q[20],0.846354536818876,0.0006398584765378149,0.025951763738627624,0.7918337238566134,0.8288429522365384,0.8474992705873611,0.8643166344427874,0.8952983841796672,1645.0,1.0020588803354449
q[21],0.7502061295660707,0.000841323381840878,0.032080797959807325,0.6854568432085586,0.7291560582607193,0.7505555626898945,0.7723889752752925,0.8108891545109312,1454.0,1.0005036832350573
q[22],0.6006066988592582,0.0006384070355695797,0.02562391203304628,0.5502833392958606,0.5836857417776311,0.6013534488514485,0.6174335717356195,0.6506445398101494,1611.0,1.0021242171571534
q[23],0.7874752464491664,0.0008029274781233278,0.03162148197000941,0.7242329562799379,0.765865566464843,0.7891677676301949,0.8096229904390273,0.8465620782587588,1551.0,1.000023824156145
q[24],0.989256424308042,0.00026930613743599534,0.012550937342486815,0.9557188022875325,0.9841202358892664,0.993829162527293,0.998712686526636,0.9999910842548524,2172.0,1.0009664267090592
q[25],0.9241474295968064,0.0005604113878930231,0.022430461424938528,0.877848340911658,0.9098591033536505,0.9248397516816842,0.939403620963608,0.9665306528626304,1602.0,1.0009757700779935
q[26],0.6803955381920606,0.000891766082338182,0.036267590452591925,0.6091578416175626,0.6552553628963171,0.6808447618984697,0.7060874612493621,0.749493474176067,1654.0,1.001739578441161
q[27],0.914522653921355,0.0007186700609644573,0.030089883829806142,0.8505267310171452,0.8951880415261038,0.9173618064768401,0.9361398517161243,0.9672840027994514,1753.0,1.0017228535517542
q[28],0.7745884848563751,0.0007848351615515235,0.03047748473968726,0.7152582450329217,0.7536531635575339,0.7746421935671,0.7957454231137574,0.8325249763235432,1508.0,1.000801237749306
q[29],0.9975046041052982,6.863693641485746e-05,0.0037518735017010576,0.9870528920343653,0.9966535800417483,0.9989929293508389,0.999808715900852,0.9999982662178852,2988.0,1.000162134365234
q[30],0.8160374232392316,0.0008192424040011459,0.030367272714052776,0.7563134243323287,0.7953270137579971,0.8164659247787389,0.8375439814796597,0.8746955016004214,1374.0,1.0003046541594653
q[31],0.5612848732682106,0.0007106235410111564,0.026947534300978626,0.5106770483143521,0.5423817109533919,0.5614514910905432,0.5788707764379807,0.613980882570132,1438.0,1.0020967375801948
q[32],0.9965848817925796,8.8233715305735e-05,0.004899156682209982,0.9826135752173859,0.995460159151865,0.9985752125147389,0.9997245241617119,0.9999980991558877,3083.0,0.9995896913906995
q[33],0.7433957086054168,0.0007379564646179266,0.03139568976858471,0.6810997869107023,0.7223856229079824,0.7439315951618651,0.765410473853893,0.802277937870409,1810.0,1.0002676355090434
q[34],0.6638586673270435,0.0009301768459356667,0.03415155405593696,0.599447238083338,0.6400733944406333,0.6633908838865421,0.6867765419577133,0.7319715130455229,1348.0,1.0021445851879156
q[35],0.9957984327821097,0.00012212643511260544,0.005975465636335995,0.9787622105720337,0.9943375616805139,0.9981449306543526,0.999631210657981,0.9999985924935881,2394.0,1.0005970183551627
q[36],0.9974781079934892,6.361039421649413e-05,0.0036458246253846384,0.9872806644383452,0.9967354385364198,0.9988897390013964,0.999772745467518,0.9999990528183118,3285.0,1.0009759673197545
q[37],0.9971122017522263,8.895414262150319e-05,0.0044236243124387955,0.9847185734178616,0.9962174868896166,0.9989196042603312,0.9998186585993278,0.999999406796414,2473.0,1.001343647833415
q[38],0.8949712175378495,0.0005942295009165582,0.026132589334678526,0.8406754765240025,0.8779690256057828,0.896306653145282,0.913617688804781,0.9417272505817564,1934.0,1.0026944925549566
q[39],0.9972506972712608,7.949010014665383e-05,0.004110491416001644,0.9853941630694716,0.9963559066562986,0.9988551993743506,0.9997708311568212,0.9999987332804203,2674.0,0.9994778603420321
q[40],0.7967991436026177,0.0008088310213607568,0.03228239056261118,0.7340050930151348,0.7749167183873915,0.796615169920315,0.8185945484493202,0.8613035641286674,1593.0,1.0015816935202864
q[41],0.457385779511739,0.0005355173128655687,0.02240229645957818,0.4141948446498225,0.4419753139834154,0.45689413989401084,0.4727119757367828,0.5016994590535194,1750.0,1.0015766547881757
q[42],0.5099656568529732,0.0008853254583643354,0.0345730643713098,0.4517536287612744,0.4858500340763882,0.5068410049501435,0.530106555229241,0.5873174128473015,1525.0,1.000179771861326
q[43],0.6624182946509348,0.0007302646126522251,0.029419786445361654,0.6016547814797673,0.6427632152703515,0.6632034477868542,0.682409662848104,0.7187602866630186,1623.0,1.0028975017663446
q[44],0.8514114270384505,0.000689775693367158,0.029434919968272744,0.7907715376940829,0.8320834993521425,0.8520805921827241,0.8719610960971796,0.9054299448094016,1821.0,1.0008543372476029
q[45],0.5772691690371785,0.0006327535664417792,0.028523082198749408,0.5220953578312477,0.5577438444705026,0.5768756607163295,0.5971378676614251,0.6332209891576724,2032.0,1.000885297713273
q[46],0.8350493134645117,0.0009397527722403388,0.03573532712403371,0.7601877510951577,0.8119925972615556,0.8353245634275406,0.8606689125576344,0.9008918024450319,1446.0,1.0011663359056393
q[47],0.678378530912235,0.0009193267012097655,0.03375318969571832,0.6122390219113231,0.6554711881084045,0.6782841907656831,0.7013043545171727,0.7445482560112279,1348.0,1.0000715620932832
q[48],0.9971590487946782,8.196727098158133e-05,0.0043287722122371496,0.9846770285820338,0.996313954691744,0.9988391771092406,0.9997955854207589,0.9999995496848335,2789.0,1.0004616154972172
q[49],0.8312298080838529,0.0006744851404467235,0.02957753849809426,0.7701664326376811,0.8123650169428067,0.8313373865797935,0.851424871751939,0.8865281439747815,1923.0,1.0027450069411499
q[50],0.8979608572249718,0.0006521812564179791,0.027313861795890855,0.8407902129860927,0.8800419886206905,0.899156209052064,0.9170785796270597,0.9482487524376062,1754.0,1.0003309152609876
q[51],0.6533140416279106,0.0008136332675138247,0.032667147710450935,0.587600460333902,0.6318675404321364,0.6540212785506078,0.6756589782143978,0.714014630170311,1612.0,1.0007916609795495
q[52],0.7439771547938794,0.00087897092479458,0.0333661808818441,0.6778633051245782,0.720950563806142,0.7441699960249694,0.767033468747279,0.8079081134916766,1441.0,1.0077116385593725
q[53],0.41611827512589317,0.0004975413192333316,0.020795798746615714,0.376868046433496,0.40160355757202826,0.41617647185828693,0.42987669247057037,0.4582741502382238,1747.0,1.003502177335509
q[54],0.9518422455620553,0.0004354604672852202,0.018805641484134734,0.9110448503938744,0.9401082271317971,0.9535219666917141,0.9650430409040553,0.9835147917584626,1865.0,1.0004826341304445
q[55],0.8809150923770005,0.0007377051684324008,0.0287326456293509,0.8214179161854496,0.8624512888007121,0.882153606397031,0.9007112042108445,0.9339688574045906,1517.0,0.9994308702881736
q[56],0.997243855507563,8.037013088095908e-05,0.0042845647689457944,0.9849887404706608,0.9965605438642086,0.9989854225585588,0.9997968473956077,0.9999994811764241,2842.0,0.9994149689796485
q[57],0.9962741956704569,0.00010584805327833021,0.005359717326644248,0.980833773845127,0.994981421185303,0.9984650270346481,0.9997274023811774,0.9999966857617326,2564.0,1.0007165356415388
q[58],0.37663386184170317,0.0004472625744147893,0.02003716366199555,0.3368373260501303,0.3635977447103502,0.3763290030219709,0.38934386561231893,0.4178844504356788,2007.0,1.0009843399155527
q[59],0.664376156686719,0.0008553250338541508,0.03361982319131971,0.5963425451053187,0.6415515137128939,0.6650142123093506,0.6878556611808956,0.7274017184154301,1545.0,1.0006461302446503
q[60],0.9355184790037882,0.0010212152960038584,0.03034573513921775,0.8703973952979178,0.9169892294862046,0.9366065242759763,0.9568883099026155,0.9921970868683853,883.0,1.002028291369834
q[61],0.787741542720296,0.0009192466886216237,0.03643511684495056,0.7134213994854488,0.763425248440439,0.7884538138863044,0.8120751766245562,0.8579219751988107,1571.0,1.0026162907500014
q[62],0.9308451573807347,0.0006665026326719807,0.03085410511270184,0.8628795705388754,0.9114375772659149,0.9333214281766831,0.9531589322890851,0.9826415272567717,2143.0,1.002070707671329
q[63],0.9963016505092999,0.00010920297042896511,0.005614137348479855,0.9797197580194905,0.9953961962008292,0.9985466960517466,0.9997596996797634,0.9999984570258025,2643.0,1.0015168243823123
q[64],0.8488825625684678,0.0008635702841157357,0.03505712468930593,0.7777400156711824,0.8263149050853614,0.84890947647893,0.8735696535103956,0.9144827751874636,1648.0,1.0017685519092994
q[65],0.8681855084387848,0.0008265249292138666,0.032266245999878394,0.8021845977811688,0.8464456255093478,0.8689072789691916,0.8907174717773683,0.9290865121667742,1524.0,1.003625602195156
q[66],0.9968502579192665,8.951027243993776e-05,0.004721189600371963,0.983028694474483,0.9958793060391735,0.9987313113862032,0.999773721625114,0.9999987483397856,2782.0,1.0007998942943923
q[67],0.361745873702242,0.0009330892168048695,0.030018801250976664,0.3079095139944125,0.34053638047546303,0.3598831799148375,0.38139329798714244,0.42510567517606457,1035.0,1.0017633268778394
q[68],0.8870075332036368,0.0007661314356959954,0.030836195458483585,0.8226645337357503,0.867597799727947,0.8882804645053619,0.9083706001605921,0.9430274376594312,1620.0,1.0050169667622402
q[69],0.9597961470166848,0.0010857512031437761,0.03860147112950478,0.8650752748327938,0.9381816711296987,0.9703326560117143,0.9918510350206093,0.9999727405513299,1264.0,0.9992291699564952
q[70],0.5028889650947095,0.0007377221363813776,0.029984570802960235,0.44465365834269244,0.4823087669840468,0.5021493050078683,0.5224771891209796,0.5621581025761423,1652.0,1.003063405381249
q[71],0.7549297322249424,0.0010154265426912392,0.04199006690586739,0.6699420910040099,0.7278163498899621,0.7551554962168664,0.7847673352053728,0.8330529860740085,1710.0,1.0013244127719232
q[72],0.46185768120031706,0.0007184028034196628,0.030411442544320804,0.40203909721842934,0.44091227353151874,0.46167746894684136,0.4825761337971414,0.5216987568852535,1792.0,1.0015698191468752
q[73],0.6025099121534657,0.0010003708894942413,0.04147620226762754,0.52349454229447,0.5742480694536198,0.6022262491319322,0.6312771011556655,0.6836170676140114,1719.0,1.0025890297534017
q[74],0.9928035707458587,0.00022075263352233526,0.010864080193530721,0.9592021194422562,0.9907798932205412,0.997246923816384,0.9995390741433778,0.9999979770689116,2422.0,1.000417308039611
q[75],0.3606494582765442,0.000538712812233773,0.022001653849202347,0.31943393571395334,0.3456060906053184,0.36051790044194304,0.3751100588295204,0.4058603802116203,1668.0,1.0008941940769793
q[76],0.7638904382411194,0.0009109976323134301,0.03816416885078969,0.6861729201368334,0.7392096921518031,0.7644659293756366,0.7907170268532908,0.8365124630351848,1755.0,1.0003015782646323
q[77],0.3441912213808247,0.0011404800902703495,0.02157889597260474,0.3025251617216844,0.32941141243942285,0.3442503398390908,0.35859456835150505,0.38574962239495064,358.0,1.015762002295625
q[78],0.4453789335742665,0.0007041995473130928,0.02995953227954496,0.39067950103990345,0.4243578327985856,0.4443635302507837,0.4646313322780285,0.5061437025339423,1810.0,1.001754372967238
q[79],0.340981977388454,0.0020335170085268093,0.02199584953131466,0.29992599265318676,0.3253383288353507,0.3406409575495968,0.35566797721873417,0.3848746525191713,117.0,1.0307853361945596
q[80],0.594787880645072,0.0008787995724067879,0.03745995924899139,0.5221749819986864,0.5696548255338643,0.595447200624946,0.6203721065626986,0.666775517785153,1817.0,1.002047547424825
q[81],0.34101789959361806,0.0007100616807099042,0.023085196188598674,0.2975363058650076,0.3250855063860409,0.3402351865929973,0.3567825942033379,0.38716285754378194,1057.0,1.0013903128773982
q[82],0.3524948389375743,0.0004971330124393246,0.021788949189474296,0.3095166394808103,0.3377679228584959,0.3518285315940502,0.36643788732723553,0.3965179723428578,1921.0,0.9996770316411617
q[83],0.8445723203397018,0.0010523200066388271,0.03990499587750169,0.7621103951743895,0.81907483616613,0.8460074620004295,0.871709308300513,0.9171891234647753,1438.0,0.9998049653483605
q[84],0.7607266827461886,0.0009210983709154447,0.03857632116228831,0.6862907600735899,0.7343377812094379,0.7608790174749898,0.786683826611855,0.8362564326387508,1754.0,1.0018344221885083
q[85],0.9952594263614037,0.0001348641117163525,0.006839618500610467,0.9751453444154561,0.9935084903639463,0.9979401340749581,0.9996277585617525,0.9999979204520627,2572.0,1.0000021957732754
q[86],0.9963921656626558,0.00011050483831945209,0.005617299088578897,0.9798862501169354,0.9955083199986267,0.9985518355269808,0.9996887967150172,0.9999987493327207,2584.0,1.0016113925178194
q[87],0.8880454557231688,0.0008723017599878294,0.034008583444865126,0.8198466725805245,0.8653356875211593,0.8905798272995442,0.9121488041268215,0.9490719423918437,1520.0,1.0025269733402686
q[88],0.34066329737616957,0.00049635637452209,0.021000039867733508,0.30138999926769633,0.32591067714440186,0.34052430785415566,0.35510539232459215,0.3825065108810323,1790.0,1.000632622984246
q[89],0.9953689063366871,0.00013200645356970092,0.00667775231521677,0.9762475355593099,0.9936777497626001,0.9981313369486482,0.9996104888439301,0.9999986441542129,2559.0,1.000200907862701
q[90],0.3852623955957776,0.0006420112637235693,0.02674961329310041,0.33397106416129174,0.366790117614283,0.3844084629819159,0.4029130746813119,0.4386193069343929,1736.0,0.9996198400649314
q[91],0.9946684574512489,0.00016579871404728982,0.007932389922590377,0.9726323287897132,0.9929677693951079,0.9978768951549712,0.9996205142709798,0.9999982967734159,2289.0,1.0004670367363973
q[92],0.6303404625084832,0.0009766828245825192,0.0391283080446159,0.5526587736358515,0.603760716431702,0.6299709284776559,0.6570214471221355,0.7083747318453726,1605.0,1.002973837617617
q[93],0.7023010651243041,0.00101043621010249,0.03961373892240946,0.6238308175252383,0.6745235966475494,0.7031658317997922,0.7293880765690881,0.7794192608455811,1537.0,1.0048383974404822
q[94],0.8034764963240796,0.0010191818194803465,0.0417242630854391,0.7193376904443375,0.7752403568940996,0.8043164106935021,0.8314939059138544,0.8815617790320779,1676.0,1.0008619292507144
q[95],0.6882713016401346,0.0011997266117750216,0.04514544299582918,0.5984987482266617,0.6581416889551392,0.689360744184704,0.7200742461087717,0.7721685757051315,1416.0,1.0024946097535838
q[96],0.6428331404099206,0.0011889059460689312,0.04881758422675511,0.5493504168209302,0.6092668872529521,0.6414972365193348,0.6760883386630755,0.7400655802945161,1686.0,1.0008994382842482
q[97],0.3360146656165825,0.0005005035468877652,0.022332780093182344,0.2928772226631313,0.3210262302727076,0.33514014900469125,0.3506443017603488,0.3829681608504469,1991.0,0.999352559763083
q[98],0.8565894128741013,0.0008730289004098337,0.03791398770049406,0.7799203163529149,0.8313656830045123,0.8578150935411177,0.8823277103342749,0.9270494830391549,1886.0,1.0013016738020062
q[99],0.9465695873300229,0.0008633319181051757,0.03302174052345566,0.8751644756534698,0.9258612952087151,0.949328170458378,0.9716024291145693,0.9987667155554343,1463.0,1.002706173851249
q[100],0.6098200426979578,0.00174175611102591,0.05867934719802254,0.4944330976605599,0.5703503967214393,0.6104175104185259,0.6493390216748682,0.7257682414568385,1135.0,1.0033816205682082
q[101],0.5924854570250508,0.001031386676588896,0.04098383382045406,0.5116708412155915,0.5648265378343702,0.5935211776876796,0.6204203685566467,0.6714970585748523,1579.0,1.0005586061326204
q[102],0.6675541264791659,0.00093186315857456,0.04282517033945889,0.5808336468184726,0.6388364582867128,0.6679155233340284,0.6964929523107375,0.7507630799503577,2112.0,1.0030208110716734
q[103],0.33353968830188624,0.0005291968434904715,0.022557694398458058,0.2906631659634571,0.31897486649107043,0.3325995550751282,0.3484162775068633,0.37982043054205156,1817.0,1.0031934390324635
q[104],0.9849936346285367,0.0003997530678465672,0.01811282870823549,0.9355207430062884,0.9782080663599562,0.9922810802768453,0.9981764832027471,0.9999857903138087,2053.0,1.0020001379427017
q[105],0.6576255133735335,0.0012308767469206832,0.04587390281333004,0.5656478670714762,0.6267012159330719,0.6580327761425318,0.6874904061401111,0.7479467807506412,1389.0,1.0039390468363667
q[106],0.5890478894327237,0.0012645659313187466,0.0449410435375675,0.5004865636364836,0.5580749530538232,0.5892670829104465,0.6198394818580649,0.6735331017116244,1263.0,1.0038987049003643
q[107],0.7103994917064134,0.001084209936805653,0.042131008680933085,0.6256296408590418,0.6823582513432501,0.7111129419567408,0.7384450226192081,0.7911528576285511,1510.0,1.0012291131784659
q[108],0.9880099595442554,0.00032745431405431974,0.01684401565362931,0.9368588589114604,0.9844442742268794,0.9947620092316305,0.9990396715123706,0.9999982297121504,2646.0,0.9995659653392062
q[109],0.6823732121920065,0.0010182473405072172,0.042082081936812905,0.6002241877884886,0.6536354113884035,0.6822269795494529,0.71076454907292,0.7625346324880338,1708.0,1.0019208013162184
q[110],0.9407960055169211,0.0009938077738111336,0.03820670688927323,0.8583857223470567,0.915626994321376,0.9439479038043952,0.970706083432588,0.9993138430535575,1478.0,1.00317197148319
q[111],0.9606439753308659,0.0008952138124709043,0.03197805989376732,0.8851929612578615,0.9402233073798745,0.9670436960474281,0.9871975950987815,0.999891082767077,1276.0,1.0030914282161518
q[112],0.654577543502711,0.0010818173374680079,0.041435157519493324,0.5734162777961815,0.6273984077436272,0.6543900544464034,0.6824121605318114,0.7346810339143154,1467.0,1.0038695281937688
q[113],0.9145595771441666,0.0012181472483260801,0.04058460074524431,0.8342631049407445,0.8866127459749054,0.9169424932122194,0.9438065210683553,0.9887092991151191,1110.0,1.0034214209535866
q[114],0.8361995602229183,0.0011909530578449758,0.04863989928270635,0.7379241770449229,0.8044865370683669,0.8357569109737041,0.8696065829303374,0.9293589641180042,1668.0,1.0019698127599326
q[115],0.7681979651747399,0.0010849433344481585,0.04265911101086793,0.6822005021901042,0.7399892191912039,0.7689137326620854,0.7978420250728464,0.8483389386125875,1546.0,1.0011073087223474
q[116],0.9905566706025943,0.0002710337141226449,0.013035002923054925,0.9522878977678121,0.9872399759124306,0.9957760435206042,0.9990893747753059,0.9999942974012181,2313.0,1.0019918639768344
q[117],0.8046752772458016,0.0012230084993133923,0.04739848292580659,0.7080631102064386,0.7743222617556542,0.8058073479420611,0.8362595599072118,0.8959235812648301,1502.0,1.001756556510942
q[118],0.26569928948905813,0.0004139579726007604,0.018788402761923315,0.23000678876367833,0.252539416217046,0.2656494786461012,0.2783609792667646,0.3029558484543645,2060.0,1.0026480624718537
q[119],0.5809131013479787,0.0011301149284167799,0.045486248441890115,0.4944437195096001,0.5493322708818696,0.580577587716765,0.610199760802195,0.6748907732575877,1620.0,1.0005912409133868
q[120],0.656613356919534,0.0010981573016800152,0.045211550884703765,0.5676900807771347,0.625476554324094,0.6563570674645245,0.6870671852470688,0.7447668871908617,1695.0,1.0016899877955425
q[121],0.2930035921522571,0.0005685455612734618,0.023358851967754314,0.2481183378663111,0.2769402048331261,0.29236505807553054,0.30894572528850983,0.3396675500235976,1688.0,1.0018178544379495
q[122],0.8939501163643548,0.0013634125169191469,0.049478914614523466,0.7900389844592111,0.8606988538842268,0.895499626875617,0.9295907524452951,0.9855670717632683,1317.0,0.9993780439728907
q[123],0.418134650576371,0.0007913051107202986,0.030941952377757386,0.3576311820291539,0.3962223382263644,0.4181800596132155,0.4397751960808546,0.4792390706387709,1529.0,1.0012574457112269
q[124],0.8012730993759307,0.0015369430129324158,0.052278659656948466,0.6983825951044906,0.7669382212210412,0.799724620978169,0.8374432393992071,0.9043332143885721,1157.0,1.0021459559431267
q[125],0.9809303891591756,0.0006312695001000165,0.027312894614965555,0.9016706248195573,0.9743756005812096,0.9916646787473871,0.9983943787078352,0.9999940785997894,1872.0,0.9999779538304009
q[126],0.9733558092401797,0.0006129724425575598,0.02820339431458835,0.9005131102447611,0.9587979993419051,0.9826735182178555,0.9961719009220746,0.9999885064772347,2117.0,1.0010308510025872
q[127],0.4722370854249581,0.0009518331922662587,0.038192121513456675,0.39896221628423134,0.44593109149299226,0.4716029938121177,0.4980241409081788,0.5508076065487976,1610.0,1.0014922173761849
q[128],0.8593805009998162,0.0019883254574374833,0.06262436123184352,0.7383325109757135,0.8162775185642166,0.8594799028857651,0.9018658399552008,0.9790588538788014,992.0,1.0033624903237113
q[129],0.6419001670445297,0.0010439477977182453,0.04600482629538584,0.550974916649349,0.6109807561808813,0.6416983876432424,0.6729673508914513,0.7334055831024707,1942.0,1.000995083136508
q[130],0.6281755573027618,0.0017503279886559686,0.05914969225203405,0.5154306624946926,0.5865402664675117,0.6266734803798617,0.6677496269557197,0.7471179953138896,1142.0,1.0032040252421197
q[131],0.9505132010677442,0.0011686223770339481,0.04073449503832025,0.8580621910590271,0.9242598243457726,0.9583273432827875,0.9853999313589439,0.9999547339368462,1215.0,1.0005718279943456
q[132],0.597081156317216,0.0011663052561408762,0.042773360791793856,0.5151827782983452,0.5675025870358623,0.5981465265684753,0.6256532043885408,0.679773599198835,1345.0,1.0041736360096076
q[133],0.995388242867575,0.0001400365696596283,0.0068988444339339325,0.9761032165917943,0.9939716295394743,0.9980908425940298,0.9996077798511145,0.9999968260703063,2427.0,1.0005906942678258
q[134],0.27855993635863574,0.0006072566291973958,0.023266726905986183,0.23464345786456708,0.26301369271104613,0.27818694111741255,0.29331431561601434,0.3260065327395739,1468.0,1.001011601507809
q[135],0.992460673492609,0.0002303083422219409,0.010987421825124147,0.9593074928930354,0.9899537433244121,0.9968264114634591,0.9994575271577331,0.9999982786881421,2276.0,0.999357731421128
q[136],0.899322278458834,0.0016611544362567397,0.058871463212119,0.7767109411747408,0.860315249473089,0.901939064858765,0.9439404777516791,0.9975052122480297,1256.0,1.0004229836735252
q[137],0.6987074168453083,0.0010896895053939658,0.04380497597940039,0.6115155267857832,0.6696980776223157,0.6986441377899044,0.727504453104537,0.7858937833399018,1616.0,1.0028065846115468
q[138],0.9484111895132719,0.001314599904906082,0.04881752188365517,0.8283701347620323,0.9190919857630752,0.9614171186136546,0.9900411065151121,0.9999181535783785,1379.0,1.0010999192300967
q[139],0.5014734178945705,0.0009801756227060963,0.03882534906944029,0.42583929883767524,0.47482477636703635,0.5015909352407881,0.5271273895012034,0.5774027349486066,1569.0,0.9997924008815751
q[140],0.34106293963782164,0.0007700213547983223,0.03068513360424824,0.28503129573568,0.3197116277031716,0.33928279950221124,0.36138597024993485,0.405819630437262,1588.0,0.9997787565915219
q[141],0.3251157917374437,0.0007220132708445195,0.029830596703912103,0.26983067498075053,0.3042276297968254,0.32381269982354627,0.3453099155686809,0.38702694493559164,1707.0,1.001272058361551
q[142],0.9931272887856519,0.00018066741170087678,0.009860866390202118,0.964800982666473,0.9908394398578739,0.997029950281801,0.9994511453491288,0.9999970735750243,2979.0,0.9997533945397882
q[143],0.9798255163669242,0.000538881308980607,0.0242975122489499,0.9157072138491134,0.9694752664266751,0.9892634620545109,0.9981112168355821,0.9999866603516493,2033.0,1.0012150590271933
q[144],0.22734486576715615,0.0004122538642405174,0.017077463938343012,0.19457498676656393,0.2155286618789683,0.22674472352781716,0.23851586110093242,0.2626299956956554,1716.0,0.9999197495099811
q[145],0.9206764058713516,0.0013341126509356677,0.04789817442015218,0.8220117599613843,0.888892902830104,0.9231772846059003,0.9564704527433592,0.9995905330754337,1289.0,1.0026459297365118
q[146],0.6550340882360222,0.0016970046497850999,0.06120990149143614,0.5378759945171615,0.61329252527942,0.6555229652408783,0.6963108261323745,0.77709451889709,1301.0,1.0043811349631309
q[147],0.87443589441627,0.002395138141980074,0.0703616418131483,0.729963853861145,0.8246019217748551,0.8763167452762601,0.9287240243837641,0.9948855250325472,863.0,1.0082239887368547
q[148],0.22839872392021612,0.0003921932803180781,0.01813443373234432,0.1937607243270963,0.21607488123152263,0.2280867721097794,0.23985679215776,0.2655773051934965,2138.0,0.9995742478852422
q[149],0.97189582622114,0.0006956953174973345,0.02885249030213637,0.8982431148084895,0.9571503385908551,0.98107924686388,0.9948616510959803,0.9999685390393092,1720.0,1.0013503279407447
q[150],0.5233347704133512,0.0010770783969357505,0.04450041650883378,0.4365449106729602,0.49284123079715747,0.5234712090836158,0.5527479046730804,0.6134411334968872,1707.0,1.000948304879926
q[151],0.9846703287538874,0.0004643210283718458,0.020482821041975866,0.9274273983707281,0.9781756581956853,0.9932275924739191,0.9988293090605945,0.999996087062933,1946.0,0.9995546101647762
q[152],0.9924743418872651,0.00026403618013479905,0.011310491439854551,0.9627836436441828,0.990100527871892,0.9968624430967485,0.9994212459603035,0.9999966076212077,1835.0,1.0001525663853776
q[153],0.4824190840678854,0.0010533452421193946,0.043071388703962016,0.3979293130120394,0.4534206236268311,0.48358986612066274,0.5119790381012199,0.5645898872399098,1672.0,1.001050034293172
q[154],0.8570259790244411,0.0025988269185292763,0.06471026841647987,0.7321524416054181,0.8121101993778133,0.8566362413134138,0.8993601619542495,0.9919756551642958,620.0,1.0030144283181708
q[155],0.4828993928294691,0.0015449162488513242,0.05778482444495977,0.3750728301838417,0.4433783482095789,0.479892313547437,0.5186167619758606,0.604798927964484,1399.0,1.002450537652553
q[156],0.5321798727284903,0.0013225919037632727,0.04985662762042901,0.43880559270134745,0.4984991011835894,0.529661825152914,0.5636055171730361,0.6410587398646193,1421.0,1.000481997115784
q[157],0.35825574797636434,0.0009913312015801096,0.036057756173566144,0.2923994272900383,0.3327270580398765,0.3576589108545564,0.3819767793022726,0.4314092362654286,1323.0,1.0021107858934226
q[158],0.55830992727998,0.0012000009601990716,0.0511656543937656,0.4621271468193441,0.5232008381411857,0.5569613276877394,0.5943877221624012,0.6608705239866923,1818.0,0.9999618122622077
q[159],0.3344160049454599,0.0006829886494001718,0.029225211200751673,0.2798300345642094,0.3146036183660114,0.3342132508731814,0.3531865551231994,0.3936061974932171,1831.0,1.0009742981735879
q[160],0.7080915644786078,0.001622327869475653,0.062370014625318264,0.5892636983296453,0.6654874028191633,0.7060250370354465,0.7504437368338279,0.8328063291897865,1478.0,1.003352105504532
q[161],0.9067123436967819,0.0017270374113956145,0.05892210254649027,0.7820672054931754,0.866224481787851,0.9085683955108571,0.9530124328837023,0.9994498289270914,1164.0,1.0008039093447434
q[162],0.977127738245268,0.0006664183712238516,0.029698641429739464,0.8907631382977375,0.9673631383807746,0.9890623641658498,0.9980098691351516,0.999988567857393,1986.0,1.00245916304976
q[163],0.6860060306426603,0.0017020800763763264,0.06382232901167523,0.5652546935457541,0.6414894653915564,0.6844802530709215,0.7284936323262812,0.8177640003753268,1406.0,1.0013507773287447
q[164],0.9546325552954075,0.0013406393682527465,0.04196865065015721,0.8585482300110426,0.9278307909264583,0.9650374802816355,0.9912936126287673,0.9999417916241804,980.0,1.0052592939012255
q[165],0.9217961921752301,0.0020354943454907347,0.06456079812012784,0.7754014880980771,0.8798412662721269,0.9336523562354895,0.9780355364983102,0.9998932460871883,1006.0,1.0051696350274548
q[166],0.2165720514413174,0.0006347996525748365,0.019729916333989423,0.1796798896512184,0.20323953711796894,0.21573967279698175,0.2297173062952566,0.25744461150583,966.0,1.0045744605568474
q[167],0.27424302028994724,0.0008726146562362345,0.02921630632386568,0.22238303723987002,0.2535607187717338,0.2722713519055725,0.2920497339192918,0.3376750084255178,1121.0,1.0026689376578086
q[168],0.9922402906321833,0.00023215638304483372,0.011589231759769118,0.9579242368191427,0.9902141701755374,0.9969095436914831,0.9993800577676009,0.9999947512813231,2492.0,1.0012261240881644
q[169],0.6693236777205146,0.0015672465229996499,0.06610362698065168,0.5448343073951694,0.6251794879876494,0.666733826631764,0.7116349862206026,0.8064745991588759,1779.0,1.0023633513629548
q[170],0.9723051393087946,0.0010706433046216712,0.037762000670642816,0.8641090183020695,0.962205952250009,0.9880441510133577,0.9979185230517957,0.9999973655623872,1244.0,1.0028903381535677
q[171],0.5945825470394911,0.001426494813886276,0.054655418601793175,0.49112594169199064,0.5568822026757106,0.5934897190278631,0.6324406853657893,0.7015930287953179,1468.0,1.0000670685534114
q[172],0.9486567457724623,0.0014387941868182074,0.04743658830446988,0.8387502400522366,0.9187824203275687,0.9608232128768213,0.9898303851243129,0.9999625985826065,1087.0,1.0016118427779306
q[173],0.48093801156150506,0.0012587086281012972,0.046265033789320134,0.39379545067204036,0.4493373493744278,0.4794921412831,0.5113791697516438,0.5737447946040675,1351.0,1.0012894764258822
q[174],0.9820834088460348,0.000602581580952694,0.023861013238146586,0.9161895550130519,0.9744306309065179,0.9912928394242114,0.9985320228682952,0.9999953092376479,1568.0,1.0004251594095155
q[175],0.9913515912903871,0.00024306626244686107,0.012439199475631957,0.9566824766009783,0.9881179585992329,0.9963865583324498,0.9993517887808903,0.9999978608015956,2619.0,1.0006638721896388
q[176],0.30445236473961845,0.0006582988410343302,0.028717225908779762,0.24971397227543723,0.28464222106495646,0.304112317741224,0.3239346685215343,0.3625054968673337,1903.0,1.0001155591819686
q[177],0.9930826953274738,0.00019717241591130444,0.00957048178102251,0.9661233519551368,0.9907996318452641,0.9966970322048369,0.9993264002086681,0.9999944480305165,2356.0,0.9995984354080768
q[178],0.9920984668432943,0.00022961530237264942,0.011667530546352561,0.9587160233487425,0.9897061950322987,0.9966954921413043,0.9994060887106897,0.9999974385422051,2582.0,0.9999105106882201
q[179],0.7057160930011106,0.0015589784031668004,0.06005608939754663,0.5928143948652833,0.664396613964436,0.7032349531582535,0.7461650016829271,0.8273610820243421,1484.0,1.0005652840651313
q[180],0.9932910469828009,0.0001814510815776151,0.009656198519919921,0.9650663403757501,0.9911490141882644,0.9969852488465882,0.999344369006552,0.9999945107760139,2832.0,0.9997754872685294
q[181],0.7416628278750999,0.0019324427087197445,0.07366130936298514,0.5994359970487295,0.6898320267306797,0.7415851649047821,0.7908413284991331,0.8906051209012691,1453.0,1.0006526706060095
q[182],0.9596823856157414,0.0010906161952140014,0.041486443720517366,0.8548404168522412,0.9390107961831972,0.9720567504624185,0.9935691739169272,0.999973996136823,1447.0,1.0013581940728882
q[183],0.9876442915200668,0.00037205124894298665,0.017518044020077138,0.9374792621645461,0.9831220236952336,0.9945879066225252,0.9989565795556541,0.9999953748009649,2217.0,0.9996432428777764
q[184],0.9666911345646936,0.00101281000195287,0.03940859205153668,0.8618316502129273,0.9507562513308125,0.9814949351282722,0.9960775936878219,0.9999801161468431,1514.0,1.002901012864439
q[185],0.29086047495532846,0.0008775010458531016,0.029989488889155803,0.23610024437257526,0.2699003156431157,0.28946187504914217,0.31022674784547233,0.3546783477874207,1168.0,1.0011868194573754
q[186],0.6901528919554805,0.0019353597965387722,0.07617060832531646,0.5475810983849789,0.6375272787220743,0.6860270308160319,0.7394117652983401,0.8462123490823563,1549.0,1.0020112241731474
q[187],0.961142817222632,0.0010545981981240704,0.04145255143422053,0.8527497430676738,0.9397470536575019,0.9747409198441868,0.9943532348054873,0.9999591578166144,1545.0,1.0026457475825183
q[188],0.18352490350725453,0.00035728527197271236,0.016263349293985246,0.15347377735404139,0.1725697267047479,0.1830786859147056,0.1939879809869026,0.21721230166126154,2072.0,1.0005266450109747
q[189],0.9545813246916106,0.001385777658922821,0.04691220693044805,0.8361730883018237,0.9285985499354779,0.9693747603480064,0.9942240898686535,0.9999725202371699,1146.0,1.0017398654043475
q[190],0.9679460232321856,0.000892161376213468,0.03632751416435464,0.8678567115350506,0.9510595458552642,0.9809031281375692,0.9961950060116487,0.9999798955953474,1658.0,1.000756377147806
q[191],0.9601502957385732,0.0010267016327313687,0.04190653481571016,0.8549872628966176,0.9379700416127459,0.9738271545989854,0.9942261483070925,0.999961746055672,1666.0,1.0005070012344988
q[192],0.7891901920399133,0.0015447227478474167,0.06617113384823625,0.6564043066147967,0.7452965705390038,0.788768976253945,0.8329392689759091,0.9205679783293415,1835.0,1.002826853837095
q[193],0.2743550555603556,0.0006729934446822049,0.02729567164373661,0.2256516028294531,0.2555012925521333,0.2732727817869291,0.2921393422592523,0.3309995830970745,1645.0,0.9999155892134446
q[194],0.23806310420137497,0.0006782441943037953,0.025791121739010096,0.19192622376673402,0.22006631535435459,0.23691905188030987,0.2543691760534732,0.2922344363884545,1446.0,1.0004605895868182
q[195],0.9901276438904031,0.0002766543739659721,0.014311349750807313,0.9496493554380356,0.9869026288502258,0.9959684245253384,0.9993028924389402,0.9999975059532411,2676.0,0.9998496567731899
q[196],0.17529022163695065,0.0003794942901276434,0.01620756092756769,0.14375770481462222,0.164584017294883,0.17516248336017715,0.18590405032209537,0.206705983903544,1824.0,1.0017986454111865
q[197],0.9350005198724941,0.0017776852437864392,0.059784165279603216,0.7931647606522436,0.8988627897658937,0.9500378926658432,0.9863166806695531,0.9998302257724027,1131.0,1.0014156275250823
q[198],0.9883008691945576,0.00032099008226421286,0.017075948323326606,0.9385979056191739,0.9844388372795315,0.9953970499160658,0.999114214155456,0.9999974860548264,2830.0,1.000722272737538
q[199],0.17434650789360348,0.0003695683141376448,0.01539818699009864,0.1455890480118182,0.1637962886327884,0.17387376636097107,0.18436780105324935,0.20537070319981726,1736.0,1.0034923095513029
a0,1.401159572156698,0.005003798123168833,0.16595720901235575,1.1051142136749255,1.2845803297269136,1.39245726616184,1.5058525042329103,1.7596727172806803,1100.0,1.0030044890180276
b0,0.4468542302484509,0.0019764468624483174,0.04853374441199983,0.35542386792886704,0.41321981892514553,0.44483485773544706,0.4785311117494946,0.5461470175919434,603.0,1.006031365396964
pf[0],0.9318469419943721,0.000432491886090759,0.01808209215555628,0.8959689032260609,0.9197111010355539,0.9317707275765248,0.9436742061235713,0.9685298207120218,1748.0,1.0024292721112449
pf[1],1.1186581347969655,0.0010253725004944838,0.03492292895983325,1.0580625318436487,1.094702009661624,1.115485848631628,1.1392187529305162,1.1963089316136997,1160.0,1.000281321830883
pf[2],1.1706980420094806,0.0010240125622135784,0.042493436844736825,1.0983094562790299,1.1409446297307553,1.1665035446480694,1.196011814552564,1.2643672859727608,1722.0,1.0039352671931716
pf[3],1.5002362403301892,0.019506010472675,0.37469822529961283,1.184200783704787,1.2539337140673412,1.3274789008914905,1.6229416792396316,2.5629503998329266,369.0,1.0251262024357652
pf[4],1.473533691152272,0.01803463541180845,0.35248370804177426,1.1754028142985518,1.2491396242615784,1.3218096289637506,1.5548428192976682,2.523173116835652,382.0,1.0076565452342243
pf[5],0.9576106179720889,0.0006677619975503429,0.02782252620102151,0.9071748369773642,0.938507922365164,0.9564295223748656,0.9756580037357484,1.015475944092604,1736.0,1.002725240037913
pf[6],0.6766091387128627,0.0002572019534934502,0.011261216792007138,0.6553218424235115,0.668988607108456,0.6765048956613618,0.6839543783511938,0.6995521885248093,1917.0,1.0001624204066712
pf[7],0.7754015861214093,0.0008683834185964073,0.03166921822609352,0.7158824798234924,0.7534162140585006,0.7748132903337517,0.7964777025626075,0.8412890772982258,1330.0,1.0027463430758512
pf[8],0.6760699846801651,0.0002983492979584942,0.013898082558228964,0.6498132842543628,0.6666265703914175,0.6755276751282591,0.685344042299014,0.7045716108814162,2170.0,1.0014019062542363
pf[9],0.942553110016296,0.0011465281038099044,0.038404413149411606,0.8737772847004714,0.9158145860423972,0.9402596676232822,0.9668820439796947,1.024605306486973,1122.0,1.0019766982624634
pf[10],0.611801349208764,0.00030051013019570505,0.012452147724282802,0.5881263883680862,0.603026863268376,0.6116053162867209,0.6203259959938772,0.6368729653016052,1717.0,0.999743211511431
pf[11],0.9736421625031692,0.0007387643479628134,0.03225279653038904,0.9110827980036295,0.9511933227425255,0.9728325314851689,0.9952102561515395,1.0368832232434824,1906.0,1.0000381676219878
pf[12],0.736022361100286,0.0005181491203566491,0.02130090804321647,0.6951992572189178,0.7215548620609094,0.735326709678652,0.7501856336759649,0.778617999680457,1690.0,1.0016098394498947
pf[13],0.7114528581923419,0.0006707095635165329,0.024625181775222316,0.6657355235652722,0.6946386304971242,0.7104841081614612,0.7282046537814015,0.7605817539274362,1348.0,1.0015178699882081
pf[14],0.5960974123912725,0.00042218304972169027,0.014806531963661777,0.5678268015122558,0.5860882285591664,0.5957202405761646,0.6056772488515909,0.6257743660233076,1230.0,1.0006921495214194
pf[15],0.5405482293406549,0.00021304004020102985,0.00987136607014727,0.5207922931006335,0.5337174499426381,0.5408554043483005,0.5474405415068488,0.5591286166679464,2147.0,1.0000907017011622
pf[16],0.5379859030204602,0.00023201528880265577,0.00997395920144835,0.519083891463892,0.5310449275446887,0.5377836082013245,0.5448423415175874,0.558250361903676,1848.0,1.0037013022370749
pf[17],0.8215744190317856,0.0007125375705502437,0.02901349394507454,0.7674515399845397,0.8016867764958904,0.8207620028310578,0.8407886340368247,0.8795987248110765,1658.0,1.00106992346195
pf[18],1.020805173344783,0.0011261383927361518,0.045896184327308055,0.9367201920128364,0.9895739649834365,1.0178727322795513,1.0493493746049383,1.1150323413520957,1661.0,1.0007925219651783
pf[19],0.6846687497462651,0.00038077018224208134,0.01752784040433422,0.650507807589449,0.673191291728485,0.6841318234147479,0.6961430731274252,0.7210167358527385,2119.0,1.0007086669696867
pf[20],0.5934603594651708,0.00033956838851203927,0.014269954988779303,0.5669523176480237,0.5834688213823807,0.5931313188044189,0.6028780231978927,0.6228754996556227,1766.0,1.0003644487018182
pf[21],0.6539048140757415,0.0006212724209901827,0.022742304726021585,0.6120933352261727,0.6382782009726315,0.6534639994352723,0.6684788542785088,0.7026117983694645,1340.0,1.0007784485917395
pf[22],0.8391253988480482,0.0007243389185096357,0.030066609636922183,0.7849479329364726,0.818164572317046,0.8371429857397925,0.8590453576744649,0.9013699355435427,1723.0,1.001669625203556
pf[23],0.6058610585326173,0.0004881284758960352,0.018054156072368543,0.5734732097552756,0.593363173992234,0.6045893131803697,0.6178550994427363,0.6427965759454024,1368.0,1.0007175603818572
pf[24],0.5080577352048168,0.00022759748702295567,0.010267144382047021,0.48823397598508,0.5009742412021496,0.5079607141033009,0.5148628942191786,0.5279314010811333,2035.0,1.0028222678497127
pf[25],0.5306588861099133,0.00024440947621142285,0.011456001682964555,0.5084570723734625,0.5227906663719009,0.5306629490073593,0.5383681669868896,0.5532738268520896,2197.0,1.0003825924359444
pf[26],0.6738440479739782,0.0007212183167614325,0.029189301111673328,0.6217761023040219,0.6532769554698927,0.671816565129324,0.6923112688920721,0.735176390600409,1638.0,1.0020604318164954
pf[27],0.5238702805585842,0.0003506946754200985,0.014531629604654466,0.49717573172578167,0.5138449897882902,0.5232784171333319,0.5337342182219005,0.5534722568897723,1717.0,1.001003513619183
pf[28],0.5899417300575226,0.00040228350266889476,0.016330926588048397,0.5602658828054312,0.5785100595523474,0.588841794418641,0.6006384755823456,0.6240905189281614,1648.0,0.999869986546834
pf[29],0.4883992254463625,0.0002136012127958028,0.009793097313040197,0.46965180130413386,0.4816667446374033,0.4883240757254013,0.49514643605134023,0.5079206375624353,2102.0,1.001143841695335
pf[30],0.5617864173746637,0.0003945358877159944,0.015183225522811367,0.5339714835280073,0.5515961963596765,0.5611158851245714,0.5715156161080759,0.593518433542275,1481.0,1.002174653422521
pf[31],0.8059230782496298,0.0008816200620659831,0.030781041979562367,0.7463400981427618,0.7847089147983843,0.805706991375294,0.8255845209351991,0.8681895625113856,1219.0,1.0028201853869223
pf[32],0.4772521810134167,0.0002061381872632492,0.0095782192449232,0.4585829822339309,0.47070097585461645,0.4774085184359216,0.4838839190727234,0.4955813732188281,2159.0,1.0004277040686549
pf[33],0.5903978883748184,0.00042532376647660123,0.017308116803460134,0.5581723635535094,0.5785933210548146,0.590129752057281,0.6019519320084388,0.6252318799797605,1656.0,1.0031685599801374
pf[34],0.6525494308207846,0.0007138715629344767,0.02563981795553161,0.6059254593742811,0.6342021146295866,0.6515467852316323,0.6688717821438567,0.7052625039795803,1290.0,1.0015387529331516
pf[35],0.4751173484001732,0.00022349370913521958,0.009703333997827199,0.45703889471338666,0.46852374692729154,0.475107429278418,0.48177173137006457,0.49409449493187463,1885.0,1.001280525733992
pf[36],0.47454244045955685,0.00022526950951382263,0.009746649208208526,0.45501146514776514,0.468200271218165,0.47460091867585286,0.48083307274235937,0.49420538396490965,1872.0,1.0007703529119187
pf[37],0.46990313950287604,0.00019774816382914166,0.009205384117858754,0.4520869370925645,0.4636338827287035,0.46989121198725947,0.4759183791562375,0.48800378786893184,2167.0,1.0022275547169401
pf[38],0.5047253406730876,0.00026813741116755974,0.012060223421414617,0.48099303288156836,0.49670431479504795,0.504943451052381,0.5126800707338757,0.5284860213794864,2023.0,1.0048114229486393
pf[39],0.4687183304623862,0.0002076421519902148,0.009672648102995715,0.4492632473992415,0.46229343491548186,0.46874616378665823,0.47537670735111304,0.48774929243474807,2170.0,1.0013416546588578
pf[40],0.5472335597196667,0.0003728951537313694,0.015383902438625039,0.5182754965731246,0.5368296002664076,0.5469016701562832,0.5574466215452805,0.5790603103835554,1702.0,1.0007272405846188
pf[41],1.0092807624692564,0.0011006291078437074,0.043023196228013705,0.9319315018341894,0.980141510114507,1.0070212724885748,1.0361644943344732,1.1003215330898493,1528.0,1.0024934230405425
pf[42],0.8456783241270143,0.0015681525471723345,0.059175686168841224,0.725087380637583,0.8065871464300408,0.8462962536842494,0.8846853934642522,0.9623536831265438,1424.0,1.0021303437088478
pf[43],0.6292662145930564,0.0004542716441868806,0.019106429900794485,0.5937772813921757,0.6160063074237101,0.6290659147356308,0.6418209591395725,0.6690034555231761,1769.0,1.0041747561519656
pf[44],0.5170564911026586,0.00032727582034970687,0.013350286354321934,0.4915137558420563,0.5080167338391246,0.5168942376692394,0.5259074552329905,0.543889338482899,1664.0,1.0013706024782452
pf[45],0.7170350333069154,0.0005574230604296285,0.02464667351842888,0.6702311088613513,0.7000150433070278,0.7167169911666416,0.7333360730973837,0.765674324954811,1955.0,1.0006583793756285
pf[46],0.5227068151110009,0.00039118430040649426,0.01627533552855674,0.4927828115713797,0.5117347250615341,0.5211606080019088,0.533072000768709,0.5572083260233058,1731.0,1.0009291578383348
pf[47],0.6137005128132519,0.0005462849343814111,0.020498427724613428,0.5756375921582371,0.5996370851954911,0.6130800666309386,0.6270218761151038,0.6553843811894204,1408.0,1.0029774637689108
pf[48],0.46148929819813145,0.00021205627394979714,0.009708379963814977,0.44220186919034987,0.45485905511274566,0.46163915373962594,0.4681487170011782,0.47982083995664404,2096.0,1.0002869366713398
pf[49],0.5216485678960984,0.00028745719022083347,0.013005651053337034,0.4963704509914003,0.5129975372942736,0.5212399463691897,0.5304491843535962,0.547756400460832,2047.0,0.9999991934474176
pf[50],0.49168109688168304,0.00029590349342232836,0.012261263904237058,0.46818205388347495,0.48380503376144735,0.49157566419750737,0.4996312300917065,0.5170843536157966,1717.0,1.0002585630384453
pf[51],0.6222375143631999,0.0004789822808504265,0.020585095939925715,0.5832556865207422,0.6080589302817991,0.6214756732481213,0.6368895627295783,0.6641110684173,1847.0,1.0004194907779145
pf[52],0.5590840274733512,0.00040905870546274927,0.016280330918981303,0.5281631175088013,0.5478880369098985,0.5591922743526214,0.5696585951278674,0.591425306248508,1584.0,1.003645819003542
pf[53],1.1393932257355897,0.008177258232689848,0.12101237099031059,1.031937125065327,1.0819987655773917,1.1154007862593842,1.1589660736297032,1.5172037750668403,219.0,1.0141068905420063
pf[54],0.46082139113683623,0.00025485494404349696,0.010572641304252001,0.43952997476581046,0.45372480547304206,0.4608165506868693,0.46799564462892945,0.4808531027512535,1721.0,1.0009488584595436
pf[55],0.4832988734316568,0.00028558894421847996,0.012025295542774473,0.4595832585452337,0.47516284605661474,0.48342088793811094,0.4915151395565113,0.5063617593585793,1773.0,1.0007529288171173
pf[56],0.4389686356623171,0.00019835593143112946,0.009777961625379984,0.42005874323001313,0.43244895681064716,0.43903584277178825,0.44542731476424957,0.4585480916839356,2430.0,0.9993947267007841
pf[57],0.43738600596149924,0.00022521196496920356,0.009678875589049082,0.41849388340681737,0.43077152715928646,0.43729116702041315,0.4439417895870095,0.4566987664232397,1847.0,1.0016425904734696
pf[58],1.6519017892186076,0.018010199268944708,0.4491730699116032,1.1515885284531624,1.2947503015907709,1.494725824070044,1.9177215706866029,2.718990850077917,622.0,1.0080598432442742
pf[59],0.569405516936441,0.00044015558951439505,0.01780863205469504,0.5373548856216767,0.5570546499496941,0.5690185284372417,0.5804590503229261,0.6059727647249568,1637.0,0.9999969872941741
pf[60],0.4482818169802545,0.00040324902722460874,0.012872426489935281,0.4237707719981325,0.4394787285729904,0.44820353593727036,0.45671478506564495,0.473883675149452,1019.0,1.0025290513187688
pf[61],0.49781827844185816,0.00037541115338199875,0.015414731216111227,0.46936660739161173,0.48723879634652023,0.4970726463143883,0.5073863703319846,0.5302701859805284,1686.0,1.000463757471465
pf[62],0.4411013834790099,0.00031086767356654845,0.013082322280085787,0.41513976615045456,0.4318603818023662,0.4412935258670774,0.4498975590761978,0.46652388561080227,1771.0,1.0002026361734164
pf[63],0.4189675083365452,0.00028238562556257257,0.010550797674489553,0.39842582233307855,0.4120046714366097,0.4189028885566688,0.42596181080869766,0.4398031370237526,1396.0,1.0017355054492287
pf[64],0.46274707075510785,0.0003586813511490212,0.013840639149434111,0.436845218906618,0.45310946750148656,0.4624178955688256,0.47197082094605175,0.4915859284065853,1489.0,1.0025723488208207
pf[65],0.45276128185067555,0.00030313036021908945,0.012785490964166422,0.4277723952577692,0.44408002530276425,0.45280467074467323,0.46122701104216,0.47780327697333635,1779.0,1.00306352174321
pf[66],0.4017488816585808,0.00021748420900918262,0.009679879859507606,0.3829019103338726,0.3953958357312633,0.401755721849108,0.40834205801458195,0.4213823193145283,1981.0,1.0005443427818277
pf[67],1.1026581845354608,0.023285688452202333,0.3150029546922129,0.8189710538220795,0.9467795577218603,1.024054157930658,1.1252226535288097,2.2333504154392516,183.0,1.0281666006577272
pf[68],0.4319184402415394,0.0003237419423178377,0.012454601194710117,0.4075074112491836,0.42342424256708716,0.43166585057343315,0.44029449955355715,0.45673048945887496,1480.0,1.0040486053963447
pf[69],0.40990732206129726,0.00041536170578545547,0.014679378663438759,0.38418103224243216,0.39959180712957243,0.40882731767019814,0.4191684715674208,0.44172618453133883,1249.0,0.9997019431438833
pf[70],0.6553204759161783,0.000555351745652569,0.023185519694824117,0.6123145643302101,0.6395579660788537,0.6547914732823048,0.6700755581102104,0.7031304336543105,1743.0,1.0022182095315113
pf[71],0.47833356810286515,0.00041670968675559653,0.01696269488467457,0.4461162247135666,0.46682385586102904,0.47806693211032425,0.4890351260440376,0.5135543342842089,1657.0,1.0010473849557713
pf[72],0.7103133808423775,0.0007769450803192624,0.03293550748242165,0.6463458981554421,0.6876746630256327,0.7099988722529254,0.7321477235309584,0.7779207523345713,1797.0,1.0037787747914702
pf[73],0.5601557192480757,0.0005974538205547713,0.02548124785284468,0.5151492042651956,0.5416548045026518,0.5587162321034931,0.5762960055164251,0.6131379796683152,1819.0,1.0025719085177984
pf[74],0.39507000928362174,0.00021162232703853787,0.010416892748647355,0.37521962250868174,0.3879198894706925,0.394897787091361,0.4019613481055341,0.41570023408946166,2423.0,1.0020342389413095
pf[75],0.9826250114053364,0.0011296114792308178,0.04505719866536276,0.9022775997834724,0.9509520043514067,0.9806773403178948,1.0099534289786487,1.0791117945984472,1591.0,1.0000337603713247
pf[76],0.4701331223210982,0.00035576249240523315,0.015089530968631465,0.44004051791480203,0.459996117264467,0.46990998074339513,0.48006374299726784,0.49945804022551743,1799.0,1.0013597563940808
pf[77],1.1454783731951301,0.06514173911700315,0.31240880594073694,0.9531782421488699,1.026043751404547,1.070039669787231,1.1314764056997209,2.4007288587935554,23.0,1.239437655847712
pf[78],0.7228846737758736,0.0009075699329059656,0.036641555486596776,0.6563846108446638,0.6971645290527693,0.7215676935871879,0.7470241248831619,0.7978737148421118,1630.0,1.0001887271456569
pf[79],1.2677337222624998,0.1122093310215349,0.48910913444517423,0.9597371867967539,1.021816643386213,1.0653572424935422,1.1452251758052123,2.7328527744473465,19.0,1.2057292692940724
pf[80],0.5559765027050025,0.00048126026867751156,0.021169982248731588,0.5183627432712729,0.5413318656754659,0.5553872144466967,0.5692065793927906,0.6021818842323703,1935.0,1.0008179170426743
pf[81],1.0883935551513018,0.013389921587663157,0.15499954843993866,0.9548313076441567,1.015769764422968,1.0557197778287613,1.1066288114365643,1.5208600565518022,134.0,1.0289235266991648
pf[82],0.9791566377367981,0.0012257542145321463,0.046254968529740516,0.9008207703054429,0.9467595016600425,0.9759612176697806,1.0066321194837378,1.0799357492877233,1424.0,1.0015875808215062
pf[83],0.4315829875823185,0.00038881441820143,0.014983234895207208,0.4028706318400781,0.421269420597073,0.4311871798136697,0.44167341304637214,0.46145859265209555,1485.0,1.0001762516105623
pf[84],0.46158660303115884,0.00035455318412160313,0.015129910635399256,0.4324272555744315,0.4514363735649756,0.4610710720259518,0.47207052564229723,0.49177550060846487,1821.0,1.0008673087550708
pf[85],0.38328161861553506,0.00023314386855883157,0.010143767944130605,0.36312122040720096,0.37651246903067415,0.3831562878545154,0.39001042783995304,0.4036316459149144,1893.0,1.0003622479110916
pf[86],0.3806756507040208,0.00021764661599899844,0.010490025018361937,0.3594699596743062,0.3736566403183219,0.38086576206281086,0.3877056548003286,0.4008599642497478,2323.0,1.0011755216754619
pf[87],0.41133338736561015,0.00033089842393389395,0.01317790250387477,0.3850649183864932,0.4027684852751059,0.411341375839105,0.41993139155892056,0.43741345050841257,1586.0,1.0028252351696647
pf[88],0.9927147561946631,0.0011670196037404672,0.04733268081169126,0.9095486425854742,0.9598946665007934,0.988835360070684,1.0218839897616805,1.09687912046702,1645.0,1.0018169952001719
pf[89],0.3791396560842639,0.00022765127536271445,0.01019359268680146,0.3598377962219279,0.3722996052111171,0.37899085864378373,0.3860787083700904,0.3993762783202426,2005.0,1.0017402915014468
pf[90],0.8030857507701089,0.0009736391955274654,0.04119310836402847,0.7236943580194315,0.7757898053549162,0.8017299659276598,0.8292897261773537,0.8881133674793037,1790.0,1.001483459978737
pf[91],0.37669987783181186,0.00022551576201379866,0.01013567289387645,0.35626213784584093,0.37007663637683397,0.3764124783739229,0.3836021479003482,0.3967265189838873,2020.0,1.0003237766838156
pf[92],0.5140920155568397,0.0005330022115650754,0.018949709124998264,0.47788174937054506,0.5016855449178363,0.5131657470737132,0.5260720898783604,0.5546783570159466,1264.0,1.0024593576484584
pf[93],0.47470583294577806,0.0003856161864554113,0.015871280177615358,0.4450326569442301,0.4636776431661507,0.4745473021849395,0.4855359937632955,0.5055636259627933,1694.0,1.0033207936761284
pf[94],0.4324211517499595,0.00038223944513014226,0.015455902892775543,0.4020537034072046,0.42172879679316133,0.4323698747442532,0.44247528984505224,0.46265254321888793,1635.0,1.0011503877005976
pf[95],0.47639376354828,0.0004818920247036113,0.01876906028304185,0.4415616701544603,0.4631850899348638,0.47618630620281927,0.4885375158891327,0.5146698958010139,1517.0,1.0017228382556023
pf[96],0.4935908198696158,0.0006026814136506944,0.02296524624284963,0.45057103506119833,0.47793959586106527,0.49329570375120685,0.5086063844227819,0.5402963596088404,1452.0,1.0012522612298915
pf[97],0.9248889212770951,0.0010694034194496031,0.04599678027896553,0.8429441933824932,0.8922342558325926,0.922495115796521,0.9546081812167972,1.0203563622694358,1850.0,1.0000048369279146
pf[98],0.40351899577452277,0.00032928470298101677,0.013782836578930454,0.3765761470513916,0.3941185373324647,0.4033202057851808,0.4125992284323091,0.43131797349623047,1752.0,1.0007087828001415
pf[99],0.37531038067713396,0.0003194828000495197,0.012839075283558488,0.3507876946096381,0.36674815393534976,0.37496751091458186,0.38392395537746227,0.4007806905398237,1615.0,1.0009654701317694
pf[100],0.5059551484717266,0.0009573799013153542,0.032011439766821234,0.45228002318351324,0.48394025962094234,0.5039646548919274,0.5246983322125218,0.575629600876787,1118.0,1.003442059502918
pf[101],0.5112696102187346,0.0005404159855020553,0.02116610112775534,0.47097319755874084,0.4966938810357616,0.51076412829356,0.5249829162622165,0.5537935895056592,1534.0,1.0002780867553316
pf[102],0.4685840535827481,0.00042904955372987866,0.01868213994910144,0.43279528922547883,0.4562955064111045,0.4683817422059954,0.48029900686943644,0.5067232716776354,1896.0,1.0044761477628228
pf[103],0.8757230228625973,0.0008480819214962999,0.03742146462957541,0.8044375244450912,0.8511119961117551,0.8745383711613612,0.8984385409027575,0.9535775521527377,1947.0,1.0007434188324227
pf[104],0.3578378086764767,0.000245155027897253,0.011153880246167116,0.3365693381494644,0.3501958861902449,0.35788031247079605,0.3651031372949667,0.38000429767926336,2070.0,1.001305731955794
pf[105],0.4701164890212832,0.000530863884509027,0.019727861937188597,0.43263800273784764,0.4570098763309202,0.46910555481541955,0.48260188666268483,0.5133619929515483,1381.0,1.00522312163134
pf[106],0.5067763046230157,0.000609525560088882,0.022618244391842027,0.46522976431037955,0.49097718900762566,0.5059716089188239,0.5207039833656577,0.5556006858982021,1377.0,1.0024019479820032
pf[107],0.4440253952194531,0.0004280075994179795,0.016426795612656923,0.4116278275836881,0.4332567635343072,0.44404303302382425,0.4548968738459117,0.4762298129279847,1473.0,1.0027891137570077
pf[108],0.3537630975964397,0.0002468541443567641,0.011171343324074932,0.3331875897569741,0.34621023206173807,0.3535347798416666,0.3613377211361881,0.37635208891232713,2048.0,1.0016085657523939
pf[109],0.4486554225254415,0.00035584651669853183,0.01566937317006401,0.41673375169306615,0.43872462034082615,0.448356103503487,0.4588633205274958,0.4799382014334964,1939.0,1.0013232701694286
pf[110],0.3606913029169588,0.00034524565353897114,0.01402819377845014,0.33454915414741326,0.35076139223148817,0.3606288817894825,0.3706425098058942,0.3879984463487661,1651.0,1.0014665501356514
pf[111],0.35231829811010607,0.00030650971037638635,0.012693351306170206,0.32800741791216714,0.343634065068019,0.35198593058589234,0.3608862123610205,0.3775514137227084,1715.0,1.0044362715953388
pf[112],0.4579206404506,0.00042026461038356953,0.016298466292330813,0.4263841561473054,0.44657087157798303,0.4578427321143427,0.4683603016027615,0.490731742956226,1504.0,1.0065013572346715
pf[113],0.3632515022669784,0.00036950067103566105,0.01428204937564392,0.3358856532623789,0.3533975995926205,0.3630968217243073,0.37299089886044057,0.39134306336372887,1494.0,1.00326921834282
pf[114],0.38469245840352345,0.00041634149604718995,0.01669004996453322,0.3527165251346941,0.3736631853233279,0.3843582770109264,0.3954793742028999,0.4195656541936362,1607.0,1.0014955663083869
pf[115],0.4071084876060017,0.000379477902532182,0.015112561560411113,0.37794082196544426,0.39664618381718686,0.40650074561725924,0.4170597610640261,0.43724159676369323,1586.0,1.0011940041462342
pf[116],0.3372192560542232,0.00023655717288929411,0.011260717776359579,0.3152137664012497,0.32998980797063077,0.3369338417583521,0.3444982108482603,0.3606343850142544,2266.0,1.0029512259219755
pf[117],0.3863093880433529,0.00039193213611478844,0.016107409476717145,0.35575483490906745,0.37509848001704055,0.38605388480442493,0.3966175020651592,0.41867177253560495,1689.0,1.0000800570000805
pf[118],1.107977391335975,0.01080682800018536,0.14539100105588323,0.9847833269026449,1.0440343046687186,1.0818423858403834,1.1255075121961948,1.4629554400221974,181.0,1.0188155139053738
pf[119],0.4762486655590876,0.0005608466466281417,0.021422580006821124,0.43654289263474855,0.46104765567651806,0.4757387785778231,0.4910776534389881,0.5193368983958889,1459.0,1.0015655073982275
pf[120],0.43825193298483395,0.0004539193035320111,0.017962820536606496,0.4037040666464702,0.42572800684927026,0.43836331718829225,0.4505188198115253,0.47387654988398953,1566.0,1.0024416537546947
pf[121],0.891701829721911,0.0015644108271147812,0.059262062684750726,0.7906303064638887,0.8503535653502986,0.8863335192140781,0.9278221366819817,1.021884092111072,1435.0,1.000869703432619
pf[122],0.35331086638872894,0.00040142896874579263,0.016152216759296997,0.3215026549376092,0.3422035092018253,0.3531034339428619,0.3637654974019702,0.3859966348277039,1619.0,1.0002991471498717
pf[123],0.6013427789851021,0.0005209911729418508,0.02195593042563184,0.5619553514748821,0.5862056482032636,0.6003781325888962,0.6157672645821919,0.6477497576356555,1776.0,1.0009766639609905
pf[124],0.3778300174202546,0.0004829209431042912,0.017478803015316777,0.3440163949471792,0.3656102973970953,0.3779883257293485,0.38949511258545755,0.41181177686083237,1310.0,1.0002649844009994
pf[125],0.3225664172747004,0.0003208706675043243,0.012460362826945423,0.298869018184336,0.31457806473847416,0.32221209530504524,0.3302029258759386,0.3482851748302137,1508.0,1.000084146080723
pf[126],0.3246849815225266,0.0002874059769797906,0.011895274737018548,0.301827369657536,0.31627175278576103,0.32467108306011827,0.33248822186243865,0.34835028477441266,1713.0,1.0008715885923696
pf[127],0.531057149289129,0.0005273470816791036,0.02158260948380449,0.49156551523880565,0.5161799170769389,0.5301120924472535,0.5450961494626154,0.5749341271981049,1675.0,1.0020339712514335
pf[128],0.35342542679027056,0.0005811379668600428,0.019247864976907645,0.3161852896439163,0.34012360807453224,0.3530204644078904,0.36609498427914006,0.3934504809380722,1097.0,1.0013160783866146
pf[129],0.42922855094666634,0.00042463833152362357,0.0183284450669512,0.39272098753982354,0.4173029237424998,0.42926968244504615,0.4410840001409938,0.46567009900274625,1863.0,1.0012275720020853
pf[130],0.4360921068853304,0.0007588043758035239,0.025269438963678642,0.3866385115642569,0.4189809955774645,0.43627385623013304,0.4525006470885594,0.4883409149785988,1109.0,1.0066900501136182
pf[131],0.3265399296440147,0.0003788325052442537,0.014425512025331178,0.30006190136839705,0.31655953231006956,0.3257333643553345,0.3356694677849692,0.3567966717591144,1450.0,1.0013379359819585
pf[132],0.4505910128462278,0.0004159117292780988,0.016268476475170646,0.41951558698718794,0.43899474695353835,0.4501791980505825,0.46155916873777586,0.4834907558979097,1530.0,1.0053819873128755
pf[133],0.3147203946765839,0.00023240085379564463,0.010728263803457525,0.2931236008244277,0.3075652799639911,0.31476485660061165,0.32179963270392503,0.33576619412552283,2131.0,1.0009370052459086
pf[134],0.8900284431494394,0.0016185195131261482,0.06226568889258155,0.7789465984880819,0.8460050987054701,0.8868632020702061,0.9277603563808186,1.0268726290086954,1480.0,0.9997371127044024
pf[135],0.3142749741546779,0.00023212417235103877,0.010705429929049822,0.2922548787535733,0.3072404219401825,0.31434285163062714,0.3216686013849909,0.3343821050922514,2127.0,1.0005434978850305
pf[136],0.3317623057099096,0.0004865468906357188,0.017837103643868656,0.2993454399854224,0.3192729241115009,0.3310407082161978,0.34342910177158514,0.3700464099380477,1344.0,1.0002708496744526
pf[137],0.3935840436542688,0.0003941148835610842,0.015950701391659022,0.3641625634823231,0.3828347179228419,0.39270832243982545,0.4038622667027889,0.42576802123464885,1638.0,1.0021352829291723
pf[138],0.31789747810875557,0.0003870512592836997,0.015645682430932877,0.2897855950970555,0.3070074453623665,0.3166992408258376,0.32794362826124623,0.35210604797847955,1634.0,1.0011291400064215
pf[139],0.4919987151928859,0.0004587422585530703,0.019163130806844664,0.45600061345988496,0.4785248244288822,0.4916492351343736,0.5048786978226423,0.5304720342994582,1745.0,1.000722904370254
pf[140],0.6678807148506721,0.0009306742913489879,0.038021205773207445,0.5977265515306329,0.6403883550418932,0.6671826220370414,0.6927946333294702,0.7487229794719363,1669.0,1.0005567246630405
pf[141],0.6951866222347487,0.001011397222277648,0.04321874416370402,0.6139036588818386,0.6655006028364414,0.6937044372007954,0.7237881549555809,0.7823868216266341,1826.0,1.0006224833309536
pf[142],0.30433408797428113,0.0002358026629581551,0.01118013013739722,0.28324166088400227,0.29657342691035776,0.30474385694291123,0.3118979111097915,0.3257183668185444,2248.0,1.001573646184998
pf[143],0.30709543351163243,0.0002551417191326802,0.011489878937375029,0.28501239279594226,0.2992992844720425,0.3067950592390745,0.31433575659227153,0.33046796002434176,2028.0,1.0008413809426253
pf[144],1.553609323981318,0.018020653103799102,0.4164291813087862,1.0948289779031732,1.2205615929383817,1.4103547298729473,1.7891518963703825,2.5979673734104773,534.0,1.0073186501270306
pf[145],0.31798826712859546,0.00039398723901411925,0.015146747042841304,0.28955119874020857,0.3076561167939568,0.3175083222357339,0.32766900983971087,0.3490884590723008,1478.0,1.0008899287221873
pf[146],0.39977633718974537,0.0006073719085473881,0.022733890781051716,0.3564010032766408,0.3844825449402889,0.3994796210034882,0.4146512436000193,0.4464384307935456,1401.0,1.0039538972255009
pf[147],0.32550839936453646,0.0006816710401732368,0.020977311802022846,0.2875421340895545,0.31033753891468274,0.3246557831238931,0.33989068506792164,0.36845860087951476,947.0,1.0043537305054069
pf[148],1.1531551385570855,0.020043326162769097,0.2511421569863205,0.9678517117361567,1.0411185324012058,1.0880320599922977,1.1499163397217984,1.9789722049211873,157.0,1.018999175195076
pf[149],0.2994716918822029,0.00028209717389043816,0.01244109304605149,0.2755606055978875,0.2909294896284391,0.2991867653865855,0.3077746781821913,0.32361224460397997,1945.0,1.000232738845357
pf[150],0.4580949142704427,0.0005329122619387265,0.02106857692297294,0.4185268383095561,0.4435986457314011,0.4578089599281622,0.4722812699489164,0.4997214562909368,1563.0,1.002458973370557
pf[151],0.2945981486579784,0.0002805803355130698,0.011479816788985497,0.2726364993655633,0.28686258739013976,0.294583925591272,0.3019544232233903,0.31755432217248275,1674.0,1.0004114210076216
pf[152],0.29179580593266025,0.0002753278041057547,0.011544084749198573,0.2690801435647533,0.2838547904462634,0.29190202252822084,0.2998323056269905,0.31421197956146873,1758.0,1.0016836586949656
pf[153],0.4788942694005241,0.0006051226498050895,0.023576497906691484,0.4341680082778768,0.46284195398250094,0.4779098941534754,0.4941518616350325,0.5275769563856141,1518.0,1.0010673513206991
pf[154],0.3226734884748804,0.0006785356447617795,0.019263721361593163,0.2835276066487762,0.3101055037576617,0.3227928155202885,0.3353050784211187,0.36063214232523366,806.0,1.0035653188440286
pf[155],0.4778657335832793,0.0009324552909018373,0.03432398196908795,0.4122555317318106,0.4545291501096038,0.47647121391702674,0.5006022233643673,0.5466453511505973,1355.0,1.003019829630014
pf[156],0.44588426943086784,0.0006188438995540941,0.023221081434712885,0.400051873704083,0.4305654677744464,0.4450968861466587,0.4614824154029295,0.4908941976761136,1408.0,1.0013938494578185
pf[157],0.5881357594659271,0.001024388759451065,0.0370766470024124,0.5226533386832611,0.5625483266760021,0.5859414841443402,0.6106773087305142,0.6643331345600516,1310.0,1.001833816496278
pf[158],0.42991956980719487,0.0005644224439527097,0.023326426290062846,0.386210009149929,0.41392721592794923,0.42956277091578626,0.4450184632494128,0.47598591242782745,1708.0,1.0003284775166794
pf[159],0.6142721500466216,0.0005932411392202671,0.025322433922469672,0.5676657830971407,0.5968131833792125,0.6136011435119582,0.630562485577628,0.6653487466962107,1822.0,1.00096230862818
pf[160],0.3633154852733551,0.0005468474476613385,0.021221626924123015,0.32261943827190176,0.34902866371955654,0.36334261401989254,0.3782590101006068,0.40355863500837746,1506.0,1.0023701508160432
pf[161],0.302568732806569,0.0004926005386664202,0.01723398026603267,0.2706976810594486,0.29070765233248563,0.3019799794710639,0.31391967586896513,0.3387720196535203,1224.0,1.0014254199361239
pf[162],0.28614708576251047,0.00028554404354476213,0.012596344309535835,0.26315567115366656,0.2772285784289212,0.28569000760125773,0.2947413360938848,0.3113341328438457,1946.0,1.0009939320157106
pf[163],0.3670492478315749,0.0005564379878204343,0.02212497081155007,0.3226200552089567,0.3522395761376665,0.3671356727681757,0.381870693723253,0.4106047397513848,1581.0,1.0014128557198985
pf[164],0.2882072603084972,0.0004402478475515663,0.014574797128333235,0.26151398592808267,0.27814874339672024,0.2876629486080948,0.2977636568202253,0.31724351208962576,1096.0,1.0043368634980046
pf[165],0.29441100811323834,0.0005217522712210681,0.01855707876103601,0.26227326016546704,0.2810384986670283,0.29238749927986285,0.3067694227023726,0.33496196916249904,1265.0,1.0050566213500665
pf[166],1.021798838955798,0.012561369960502358,0.1573935144778333,0.8600893154668512,0.9479017747385682,0.9985717233527915,1.0527323688045678,1.380509524600937,157.0,1.0263183796502882
pf[167],0.71353107259439,0.0014050713250946766,0.05202560006972662,0.6162780710370088,0.6771174662424126,0.712675343063548,0.7483412944151471,0.8198057900085093,1371.0,1.0019109984640058
pf[168],0.2748571639171943,0.00028011450624423006,0.01128482581679985,0.25272173515685364,0.2673625012826124,0.2751285582778083,0.282567706234986,0.29716790514359787,1623.0,1.000958166670407
pf[169],0.36495236468425446,0.0005447817240708563,0.022984366118065428,0.320194794810067,0.34912622221426437,0.3650382209439915,0.38078926793495416,0.41052746516957495,1780.0,1.0018643864579042
pf[170],0.27922907855781115,0.00035125781948522686,0.013343174526571699,0.25471762908794615,0.2698935069901079,0.2785652192444931,0.28761898690502297,0.3083072850912919,1443.0,1.0001099975973933
pf[171],0.3952559596094761,0.0005647737225838169,0.021386960021755667,0.3527549908802853,0.3811513485740374,0.39560116022192593,0.40986862960995096,0.43629638241367225,1434.0,1.001603004232588
pf[172],0.2808453120426263,0.00045458306662740167,0.015090514651254897,0.25343292251824323,0.2705458419382616,0.28019674941862943,0.29059612214558017,0.31313381606380275,1102.0,1.0010773311281265
pf[173],0.45162407327291476,0.0005851569406012405,0.023848286302525976,0.40692815274227273,0.4356686686645787,0.4513512491270756,0.4674467833470144,0.49770083509652174,1661.0,1.0019009102111736
pf[174],0.2720440048013335,0.0003224567106584312,0.012509491877139779,0.2488410901999174,0.26365904975323684,0.2718956433050791,0.2799019542881843,0.2982876207765478,1505.0,1.0000738298942515
pf[175],0.2682910462142822,0.00024604844608066135,0.011467019130629984,0.24628195300740197,0.2605138229009087,0.2680733315834738,0.27621240486381293,0.2913435094021863,2172.0,1.0008530648431244
pf[176],0.6163411704583126,0.0006844557034537879,0.029383803722669116,0.5605410769875998,0.5962424872974508,0.615777993539454,0.6357819695285535,0.6748893260740303,1843.0,1.0023519539718961
pf[177],0.2644971704374926,0.0002677777308258362,0.011351375638566563,0.24227592213301669,0.25678997677472115,0.26429778885038535,0.2720910678237453,0.2867445067261132,1797.0,1.0006254645292885
pf[178],0.26503752411569054,0.0002480059478526703,0.011321682037352407,0.2424928837747653,0.257489790194245,0.26510192795510745,0.27300942790959504,0.2861028321688289,2084.0,1.0007527512862586
pf[179],0.3395553354710292,0.000501482762812927,0.01968599313001677,0.3000378513749895,0.32619707707229384,0.3395732235195562,0.35301542774344874,0.37832846568846223,1541.0,0.9996945065779917
pf[180],0.2646208973152965,0.0002602807482964402,0.011590532891659292,0.24160430228212826,0.25687692610221297,0.26455795466608734,0.27248784044914987,0.2865468524751984,1983.0,1.000364589637951
pf[181],0.32594302203697406,0.0005999082892992174,0.02303210356242027,0.2818702146480595,0.3101883263089408,0.32570688205409226,0.34148295784350563,0.37160427043845745,1474.0,1.0016127503508914
pf[182],0.2699565779273475,0.00036332062150489067,0.014234566259862804,0.24370473210697932,0.26015683131554357,0.26949067780316455,0.2788178989171213,0.2995103646041838,1535.0,1.001796125739555
pf[183],0.2636847594467091,0.0002569281284659995,0.012004346461142349,0.24037460803227992,0.25587120770716476,0.26385016028602576,0.271451663492377,0.2877875781110426,2183.0,1.002115238788783
pf[184],0.26815661480733965,0.00034839712079319935,0.013448309378048855,0.24386995217090096,0.25884615765902386,0.2675551536021604,0.27647146134216377,0.29796164737651054,1490.0,1.0020074401556722
pf[185],0.6326673423901034,0.0009425236451786297,0.03734582694360475,0.5662905109287282,0.6057730146874014,0.6306844943904951,0.6570711249141685,0.7107967520286641,1570.0,1.0035988091257892
pf[186],0.34151251404387767,0.0006234218851395249,0.025613460943771565,0.2911111730799832,0.32414928733627335,0.34220736466547147,0.35889529467812537,0.3923952285653929,1688.0,1.0014212801921571
pf[187],0.2655895317495109,0.00034170108128678663,0.013791353652333003,0.23929728607743728,0.2562065469224272,0.26522805271563554,0.27455884003718495,0.2937164689916848,1629.0,1.0006076387300977
pf[188],1.5114210284434861,0.017727097200720868,0.42397050108904605,1.0756957378058543,1.1975087328943528,1.344038467969346,1.7149403550168987,2.63815819180076,572.0,1.0044759902346703
pf[189],0.26586675073413485,0.00040601653728635764,0.014605312750629665,0.2390091898929695,0.2556504613499503,0.2649238795864455,0.2753332365402983,0.2966165489831353,1294.0,1.002503710566634
pf[190],0.26063042496838085,0.000319857291372787,0.013156986666429988,0.23609373557590443,0.25162253523365297,0.260172255963679,0.26898043986160713,0.28725643253189687,1692.0,1.00065010519506
pf[191],0.26243117741159927,0.0003292982783209273,0.013814837919607428,0.23665951256159953,0.25310966842756305,0.2616962964220768,0.2712056746630396,0.2916829184534784,1760.0,1.00014152323047
pf[192],0.3034848883764098,0.0004622667249870787,0.01940969849401022,0.26538119372224495,0.2908880522367539,0.303474718741801,0.3160133710805972,0.34306270330578703,1763.0,1.0024500325243388
pf[193],0.646458786204477,0.0009183091858289227,0.03600193656340512,0.5802811834999374,0.6204704321822166,0.6452298874870352,0.6704638122121932,0.7190915514800694,1537.0,1.0000757748033469
pf[194],0.7521623571257942,0.0017746075314143215,0.06319197763340284,0.6389156440759018,0.7092207144572291,0.7490705201562612,0.7899339911309337,0.888220958074009,1268.0,1.0012354799645242
pf[195],0.25300419077388614,0.0002557746231377118,0.011239541373714121,0.2307990678358114,0.24529494914907182,0.25328706206778906,0.2608307432271745,0.27463534360073444,1931.0,1.0007399815974105
pf[196],1.7412941420995867,0.01734031701072909,0.4458181677046549,1.1956485239104517,1.3798363362523927,1.6129875650872167,2.023621327694719,2.77215479402324,661.0,1.0014212715948916
pf[197],0.26463966550813794,0.00047802868829034505,0.016839913322053576,0.2364649369913822,0.2524427732901577,0.26321591262773014,0.2749653127290103,0.3019203346088474,1241.0,1.0011243040908062
pf[198],0.25324581975623,0.0002787765497543147,0.011558305710921878,0.23031563166415103,0.24540013460497612,0.2530049855389168,0.26134175228992496,0.27509373522926645,1719.0,1.0014164791439364
pf[199],1.841396129499738,0.013325415973913686,0.4139467067112744,1.291202574648949,1.50800528274753,1.7361605660685666,2.131713914586003,2.764077447792137,965.0,1.0046922034089185
mu_pf,0.45443923049983753,0.00027217126396206996,0.011356425487335503,0.43177648815262226,0.44722652686282877,0.4541524127761494,0.46174500251146194,0.477967526325229,1741.0,1.0022188104806853
sigma_pf,0.11585188485253436,0.0002981961399074558,0.011378439502757368,0.09504244893345909,0.10776011639590036,0.11562103886435651,0.12353783878505721,0.13937834112927422,1456.0,1.0013343785307627
gamma,13.212735415710746,0.004708443563914634,0.11920826963478172,12.905531230822309,13.160651354950252,13.256104681532083,13.295630730880866,13.349434969660265,641.0,1.0069596763598812
lp__,-48132.58502394709,0.8235548004753668,17.294650809982702,-48166.809853320665,-48144.038417587115,-48132.11696934809,-48120.75222382359,-48100.50458747031,441.0,1.0036576364227607
